{"cameraMode":{"drawMode":0,"name":"Shaded","section":"Shading Mode"},"sceneLighting":true,"audioPlay":false,"sceneViewState":{"m_AlwaysRefresh":false,"showFog":true,"showSkybox":true,"showFlares":true,"showImageEffects":true,"showParticleSystems":true,"showVisualEffectGraphs":true,"m_FxEnabled":true},"in2DMode":false,"pivot":{"x":0.4875117540359497,"y":1.7814137935638428,"z":-14.82784366607666},"rotation":{"x":-0.08569315075874329,"y":-0.7270929217338562,"z":0.09234072268009186,"w":-0.6749098896980286},"size":1.2095589637756348,"orthographic":false}