{"cameraMode":{"drawMode":0,"name":"Shaded","section":"Shading Mode"},"sceneLighting":true,"audioPlay":false,"sceneViewState":{"m_AlwaysRefresh":false,"showFog":true,"showSkybox":true,"showFlares":true,"showImageEffects":true,"showParticleSystems":true,"showVisualEffectGraphs":true,"m_FxEnabled":true},"in2DMode":false,"pivot":{"x":-22.288480758666993,"y":1.292531967163086,"z":31.621105194091798},"rotation":{"x":0.049923449754714969,"y":-0.3531760275363922,"z":0.018876463174819948,"w":0.9340404868125916},"size":23.807132720947267,"orthographic":false}