{"cameraMode":{"drawMode":0,"name":"Shaded","section":"Shading Mode"},"sceneLighting":false,"audioPlay":false,"sceneViewState":{"m_AlwaysRefresh":false,"showFog":false,"showSkybox":false,"showFlares":false,"showImageEffects":false,"showParticleSystems":false,"showVisualEffectGraphs":true,"m_FxEnabled":true},"in2DMode":false,"pivot":{"x":-1.4901161193847657e-7,"y":0.8007855415344238,"z":-0.002919614315032959},"rotation":{"x":-0.023054294288158418,"y":0.8776582479476929,"z":-0.042432378977537158,"w":-0.47684815526008608},"size":1.341144323348999,"orthographic":false}