{"cameraMode":{"drawMode":0,"name":"Shaded","section":"Shading Mode"},"sceneLighting":false,"audioPlay":false,"sceneViewState":{"m_AlwaysRefresh":false,"showFog":true,"showSkybox":false,"showFlares":true,"showImageEffects":true,"showParticleSystems":true,"showVisualEffectGraphs":true,"m_FxEnabled":true},"in2DMode":false,"pivot":{"x":-0.22862941026687623,"y":-0.4374369978904724,"z":-5.612055778503418},"rotation":{"x":-0.18483108282089234,"y":0.8122931122779846,"z":-0.35141652822494509,"w":-0.4272342920303345},"size":1.8038413524627686,"orthographic":false}