{"cameraMode":{"drawMode":0,"name":"Shaded","section":"Shading Mode"},"sceneLighting":true,"audioPlay":false,"sceneViewState":{"m_AlwaysRefresh":false,"showFog":true,"showSkybox":true,"showFlares":true,"showImageEffects":true,"showParticleSystems":true,"showVisualEffectGraphs":true,"m_FxEnabled":true},"in2DMode":false,"pivot":{"x":2.8675484657287599,"y":1.8937078714370728,"z":0.6651136875152588},"rotation":{"x":0.22776755690574647,"y":-0.4791468679904938,"z":0.13028360903263093,"w":0.8376187086105347},"size":0.49158501625061037,"orthographic":false}