{"cameraMode":{"drawMode":0,"name":"Shaded","section":"Shading Mode"},"sceneLighting":true,"audioPlay":false,"sceneViewState":{"m_AlwaysRefresh":false,"showFog":true,"showSkybox":true,"showFlares":true,"showImageEffects":true,"showParticleSystems":true,"showVisualEffectGraphs":true,"m_FxEnabled":true},"in2DMode":false,"pivot":{"x":2.705325126647949,"y":3.6928799152374269,"z":25.749841690063478},"rotation":{"x":0.15544025599956513,"y":0.1878329962491989,"z":-0.030120356008410455,"w":0.969359815120697},"size":0.6740562319755554,"orthographic":false}