{"cameraMode":{"drawMode":0,"name":"Shaded","section":"Shading Mode"},"sceneLighting":true,"audioPlay":false,"sceneViewState":{"m_AlwaysRefresh":false,"showFog":true,"showSkybox":true,"showFlares":true,"showImageEffects":true,"showParticleSystems":true,"showVisualEffectGraphs":true,"m_FxEnabled":true},"in2DMode":false,"pivot":{"x":-17.533504486083986,"y":4.166925430297852,"z":-22.773120880126954},"rotation":{"x":0.07043734192848206,"y":0.5633214116096497,"z":-0.04828176274895668,"w":0.8218193650245667},"size":9.495399475097657,"orthographic":true}