{"cameraMode":{"drawMode":0,"name":"Shaded","section":"Shading Mode"},"sceneLighting":true,"audioPlay":false,"sceneViewState":{"m_AlwaysRefresh":false,"showFog":true,"showSkybox":true,"showFlares":true,"showImageEffects":true,"showParticleSystems":true,"showVisualEffectGraphs":true,"m_FxEnabled":true},"in2DMode":false,"pivot":{"x":2.0859947204589845,"y":1.3759409189224244,"z":-0.4039483666419983},"rotation":{"x":-0.03222877159714699,"y":0.9338628053665161,"z":-0.08709611743688584,"w":-0.34542953968048098},"size":1.0421925783157349,"orthographic":false}