{"cameraMode":{"drawMode":0,"name":"Shaded","section":"Shading Mode"},"sceneLighting":true,"audioPlay":false,"sceneViewState":{"m_AlwaysRefresh":false,"showFog":true,"showSkybox":true,"showFlares":true,"showImageEffects":true,"showParticleSystems":true,"showVisualEffectGraphs":true,"m_FxEnabled":true},"in2DMode":false,"pivot":{"x":-0.8610321283340454,"y":0.44996488094329836,"z":3.5045063495635988},"rotation":{"x":-0.07951986789703369,"y":0.9204718470573425,"z":-0.26667943596839907,"w":-0.27446743845939639},"size":6.035141468048096,"orthographic":false}