{"cameraMode":{"drawMode":0,"name":"Shaded","section":"Shading Mode"},"sceneLighting":true,"audioPlay":false,"sceneViewState":{"m_AlwaysRefresh":false,"showFog":true,"showSkybox":true,"showFlares":true,"showImageEffects":true,"showParticleSystems":true,"showVisualEffectGraphs":true,"m_FxEnabled":true},"in2DMode":false,"pivot":{"x":321.28216552734377,"y":0.12852740287780763,"z":25.133390426635743},"rotation":{"x":0.3944440484046936,"y":-0.5592916011810303,"z":0.34282436966896059,"w":0.6435002088546753},"size":4.727156639099121,"orthographic":false}