{"cameraMode":{"drawMode":0,"name":"Shaded","section":"Shading Mode"},"sceneLighting":true,"audioPlay":false,"sceneViewState":{"m_AlwaysRefresh":false,"showFog":true,"showSkybox":true,"showFlares":true,"showImageEffects":true,"showParticleSystems":true,"showVisualEffectGraphs":true,"m_FxEnabled":true},"in2DMode":false,"pivot":{"x":321.01116943359377,"y":0.2614058256149292,"z":25.079547882080079},"rotation":{"x":0.3944440484046936,"y":-0.5592916011810303,"z":0.34282436966896059,"w":0.6435002088546753},"size":12.099063873291016,"orthographic":false}