{"cameraMode":{"drawMode":0,"name":"Shaded","section":"Shading Mode"},"sceneLighting":true,"audioPlay":false,"sceneViewState":{"m_AlwaysRefresh":false,"showFog":true,"showSkybox":true,"showFlares":true,"showImageEffects":true,"showParticleSystems":true,"showVisualEffectGraphs":true,"m_FxEnabled":true},"in2DMode":false,"pivot":{"x":118.07968139648438,"y":0.26311278343200686,"z":70.80554962158203},"rotation":{"x":-0.24912592768669129,"y":0.23591384291648866,"z":-0.06270871311426163,"w":-0.9372057914733887},"size":5.523612976074219,"orthographic":false}