{"cameraMode":{"drawMode":0,"name":"Shaded","section":"Shading Mode"},"sceneLighting":true,"audioPlay":false,"sceneViewState":{"m_AlwaysRefresh":false,"showFog":true,"showSkybox":true,"showFlares":true,"showImageEffects":true,"showParticleSystems":true,"showVisualEffectGraphs":true,"m_FxEnabled":true},"in2DMode":false,"pivot":{"x":-24.09946060180664,"y":-12.721248626708985,"z":30.612712860107423},"rotation":{"x":-0.16600722074508668,"y":0.7033540606498718,"z":-0.17459121346473695,"w":-0.6687701344490051},"size":29.573732376098634,"orthographic":false}