{"cameraMode":{"drawMode":0,"name":"Shaded","section":"Shading Mode"},"sceneLighting":true,"audioPlay":false,"sceneViewState":{"m_AlwaysRefresh":false,"showFog":true,"showSkybox":true,"showFlares":true,"showImageEffects":true,"showParticleSystems":true,"showVisualEffectGraphs":true,"m_FxEnabled":true},"in2DMode":false,"pivot":{"x":306.87286376953127,"y":-30.732576370239259,"z":81.28231811523438},"rotation":{"x":0.25400927662849429,"y":-0.18716181814670564,"z":0.050165459513664249,"w":0.9476003050804138},"size":30.162704467773439,"orthographic":false}